product_id,created_at,sold_at,product_category,product_name,product_brand,product_retail_price,product_department
4127,2025-05-20 10:54:57.000000 UTC,2025-05-20 21:22:57.000000 UTC,Jumpsuits & Rompers,Allegra K Ladies Sleeveless Turn Up Hem Single Breasted Drawstring Romper Navy Blue XS,Allegra K,10.890000343322754,Women
4075,2025-05-14 02:20:28.803153 UTC,2025-05-15 05:46:28.803153 UTC,Jumpsuits & Rompers,Jenni Junior's Rompers,Jenni,17.639999389648438,Women
4157,2025-05-14 00:35:43.000000 UTC,2025-05-15 15:10:43.000000 UTC,Jumpsuits & Rompers,Allegra K Lady XS Roller Cuff Chiffon Short Jumpsuit Salmon Pink,Allegra K,12.020000457763672,Women
4138,2025-05-13 15:16:00.000000 UTC,,Jumpsuits & Rompers,Allegra K Ladies Layer Flouncing Upper Multi Wearing Printed Romper Pink Navy Blue XS,Allegra K,10.409999847412108,Women
4211,2025-05-13 03:05:11.000000 UTC,2025-05-14 11:47:11.000000 UTC,Jumpsuits & Rompers,Rip Curl Juniors Sungoddess Romper,Rip Curl,46.0,Women
4149,2025-05-11 20:21:46.963420 UTC,2025-05-18 23:55:46.963420 UTC,Jumpsuits & Rompers,Allegra K White Lace Decor Black Strapless Jumpsuit XS for Ladies,Allegra K,15.840000152587892,Women
4127,2025-05-11 17:21:00.000000 UTC,,Jumpsuits & Rompers,Allegra K Ladies Sleeveless Turn Up Hem Single Breasted Drawstring Romper Navy Blue XS,Allegra K,10.890000343322754,Women
4117,2025-05-09 07:15:00.000000 UTC,,Jumpsuits & Rompers,XOXO Juniors Medallion Halter Romper,XOXO,38.2400016784668,Women
4091,2025-05-09 05:46:00.000000 UTC,,Jumpsuits & Rompers,Allegra K Lady Zipped Back Drawstring Front Side Pockets Casual Jumpsuit Red XS,Allegra K,11.899999618530272,Women
4184,2025-05-08 10:53:45.000000 UTC,2025-05-14 07:26:45.000000 UTC,Jumpsuits & Rompers,Allegra K Woman Strapless Black White Dots Decor Orange Chiffon Jumpsuit XS,Allegra K,13.539999961853027,Women
4064,2025-05-08 06:25:00.000000 UTC,,Jumpsuits & Rompers,Allegra K Woman Semi Sheer Strapless Chiffon Romper Dark Blue XS,Allegra K,11.239999771118164,Women
4131,2025-05-08 05:58:48.000000 UTC,2025-05-15 14:44:48.000000 UTC,Jumpsuits & Rompers,AX Paris Big Knit Jumper,AxParis,39.5,Women
4055,2025-05-08 04:45:00.000000 UTC,,Jumpsuits & Rompers,Adidas Women's Jeremy Scott Animal Print Jumper Jumpsuit-Dark Yellow,adidas,350.0,Women
4174,2025-05-08 04:33:49.258955 UTC,2025-05-15 16:06:49.258955 UTC,Jumpsuits & Rompers,Allegra K Woman V Neck Sleeveless Side Slits Button Front Floral Print Orange Romper XS,Allegra K,9.5500001907348633,Women
4158,2025-05-06 21:26:53.000000 UTC,2025-05-14 10:02:53.000000 UTC,Jumpsuits & Rompers,Allegra K Women Ruffled U Neck Sleeveless Stretchy Summer Jumpsuit XS Black,Allegra K,15.670000076293944,Women
4208,2025-05-06 09:36:00.000000 UTC,2025-05-09 13:18:00.000000 UTC,Jumpsuits & Rompers,Motel Winnie Jumpsuit,Motel,78.0,Women
4170,2025-05-05 09:25:16.269356 UTC,2025-05-19 02:03:16.269356 UTC,Jumpsuits & Rompers,Queen of Heartz Periwinkle Blue Black Drew Women's Mad Men Pinup Vintage Retro Rockabilly Swim Cruise Romper XS SM MD LG XL 2X 3X,Queen,120.0,Women
4210,2025-05-05 04:13:00.000000 UTC,,Jumpsuits & Rompers,Cheap Monday Womens Angel Jumpsuit,Cheap Monday,29.0,Women
4196,2025-05-05 03:10:36.841007 UTC,2025-05-13 04:17:36.841007 UTC,Jumpsuits & Rompers,Dallin Chase Women's Felix Romper,Dallin Chase,58.0,Women
4127,2025-05-05 00:00:00.000000 UTC,,Jumpsuits & Rompers,Allegra K Ladies Sleeveless Turn Up Hem Single Breasted Drawstring Romper Navy Blue XS,Allegra K,10.890000343322754,Women
4156,2025-05-04 05:22:41.000000 UTC,2025-05-05 20:57:41.000000 UTC,Jumpsuits & Rompers,Love Tease Print Shortall,Love Tease,10.9399995803833,Women
4179,2025-05-04 04:29:00.000000 UTC,,Jumpsuits & Rompers,Allegra K Women Zipped Slant Pockets Detail Straight Summer Suspender Dark Khaki S,Allegra K,15.670000076293944,Women
4180,2025-05-04 02:44:01.665539 UTC,2025-05-18 10:14:01.665539 UTC,Jumpsuits & Rompers,GREY JUMPSUIT SMOCKED STRAP RAYON - FITS - PLUS 2X 3X 4X - T194S LOTUSTRADERS,LOTUSTRADERS,52.9900016784668,Women
4185,2025-05-03 16:08:00.000000 UTC,,Jumpsuits & Rompers,BCBG Generation Multicoloured Printed Wide Leg Jumper,BCBGeneration,81.4000015258789,Women
4064,2025-05-03 07:05:00.000000 UTC,,Jumpsuits & Rompers,Allegra K Woman Semi Sheer Strapless Chiffon Romper Dark Blue XS,Allegra K,11.239999771118164,Women
4191,2025-05-03 00:04:20.000000 UTC,2025-05-10 04:10:20.000000 UTC,Jumpsuits & Rompers,Nicole Miller Women's Halter Jumpsuit,Nicole Miller,550.0,Women
4099,2025-05-02 07:02:58.000000 UTC,2025-05-05 06:38:58.000000 UTC,Jumpsuits & Rompers,Volcom Juniors Kelli Romper,Volcom,13.600000381469728,Women
4208,2025-05-01 19:11:00.000000 UTC,2025-05-07 18:28:00.000000 UTC,Jumpsuits & Rompers,Motel Winnie Jumpsuit,Motel,78.0,Women
4182,2025-05-01 06:30:29.746046 UTC,2025-05-17 23:58:29.746046 UTC,Jumpsuits & Rompers,Allegra K Deep V Neck Pullover Tassels Shoulder Sleeveless Romper for Women,Allegra K,17.270000457763672,Women
4190,2025-04-30 16:46:00.000000 UTC,,Jumpsuits & Rompers,Sweet Pea Women's Pull On Romper,Sweet Pea,78.0,Women
4203,2025-04-30 13:24:21.000000 UTC,2025-05-15 04:57:21.000000 UTC,Jumpsuits & Rompers,MAXSTUDIO DELAVÃ‰ LINEN JUMPSUIT,MAXSTUDIO,148.0,Women
4077,2025-04-29 18:13:30.000000 UTC,2025-05-01 01:33:30.000000 UTC,Jumpsuits & Rompers,Allegra K Lady Faux Pearl Decor Shoulder Cropped Jumpsuit Pink S,Allegra K,10.819999694824221,Women
4107,2025-04-29 02:49:31.000000 UTC,2025-05-12 11:59:31.000000 UTC,Jumpsuits & Rompers,Allegra K Lady Flounced Upper Elastic Waist Dots Self Tie Shoulder String Romper Mustard S,Allegra K,10.979999542236328,Women
4177,2025-04-28 18:32:07.000000 UTC,2025-05-11 00:36:07.000000 UTC,Jumpsuits & Rompers,Volcom Rain Check Romper,Volcom,49.5,Women
4083,2025-04-27 17:59:50.000000 UTC,2025-05-07 08:14:50.000000 UTC,Jumpsuits & Rompers,Allegra K Ladies Leopard Prints Adjustable Shoulder Strap Romper Biege Brown XS,Allegra K,13.25,Women
4158,2025-04-27 06:57:06.000000 UTC,2025-05-17 09:05:06.000000 UTC,Jumpsuits & Rompers,Allegra K Women Ruffled U Neck Sleeveless Stretchy Summer Jumpsuit XS Black,Allegra K,15.670000076293944,Women
4177,2025-04-27 04:02:00.000000 UTC,,Jumpsuits & Rompers,Volcom Rain Check Romper,Volcom,49.5,Women
4138,2025-04-26 22:52:43.000000 UTC,2025-05-09 11:50:43.000000 UTC,Jumpsuits & Rompers,Allegra K Ladies Layer Flouncing Upper Multi Wearing Printed Romper Pink Navy Blue XS,Allegra K,10.409999847412108,Women
4104,2025-04-26 13:07:15.000000 UTC,2025-04-29 06:03:15.000000 UTC,Jumpsuits & Rompers,Allegra K Lady Crochet Flower Waist Sleeveless Romper Apricot XS,Allegra K,13.380000114440918,Women
4190,2025-04-26 06:49:53.000000 UTC,2025-05-19 08:13:53.000000 UTC,Jumpsuits & Rompers,Sweet Pea Women's Pull On Romper,Sweet Pea,78.0,Women
4069,2025-04-25 18:13:00.000000 UTC,,Jumpsuits & Rompers,Allegra K Woman Floral Print Upper Romper Salmon Blue Color XS w Waist Strap,Allegra K,10.979999542236328,Women
4168,2025-04-25 15:49:51.000000 UTC,2025-05-02 12:48:51.000000 UTC,Jumpsuits & Rompers,Allegra K S Solid Army Green Ruffled Self Tie Jumpsuit for Ladies,Allegra K,14.239999771118164,Women
4155,2025-04-25 13:43:00.000000 UTC,,Jumpsuits & Rompers,Ladies Blue White Geometric Strapless Jumper,FineBrandShop,23.0,Women
4201,2025-04-25 03:09:00.000000 UTC,,Jumpsuits & Rompers,Kensie Womens One Shoulder Romper Dress,Kensie,64.5199966430664,Women
4177,2025-04-25 01:55:00.000000 UTC,,Jumpsuits & Rompers,Volcom Rain Check Romper,Volcom,49.5,Women
4080,2025-04-24 14:54:01.000000 UTC,2025-05-08 23:40:01.000000 UTC,Jumpsuits & Rompers,Allegra K Ladies Fluttery Sleeves Scoop Neck Floral Print Side Slits Short Green Romper XS,Allegra K,8.7399997711181641,Women
4197,2025-04-24 09:42:09.000000 UTC,2025-05-14 12:47:09.000000 UTC,Jumpsuits & Rompers,My Michelle Juniors Belted Romper,My Michelle,59.0,Women
4140,2025-04-24 07:57:46.872133 UTC,2025-05-16 14:19:46.872133 UTC,Jumpsuits & Rompers,Juicy Couture Womens Stripe Shorts Romper,Juicy Couture,71.0,Women
4119,2025-04-24 06:17:14.000000 UTC,2025-05-11 13:29:14.000000 UTC,Jumpsuits & Rompers,Allegra K Lady White Dots Elastic Waist Black Cropped Jumpsuit XS,Allegra K,17.6299991607666,Women
4116,2025-04-23 22:07:21.294303 UTC,2025-05-21 14:31:21.294303 UTC,Jumpsuits & Rompers,Allegra K Women Beige Blk Shirr Waist Beaded Neckline Jumpsuit XS,Allegra K,16.299999237060547,Women
7817,2025-05-18 21:27:14.786730 UTC,2025-05-19 06:57:14.786730 UTC,Blazers & Jackets,Yoana Baraschi Women's Apres Tennis Boyfriend Blazer,Yoana Baraschi,343.0,Women
7858,2025-05-17 09:51:00.000000 UTC,,Blazers & Jackets,Allegra K Ladies Open Front Stretchy Pure Color Simple Cropped Blazer Black XS,Allegra K,10.149999618530272,Women
7519,2025-05-17 06:00:00.000000 UTC,,Blazers & Jackets,Allegra K Lady Deep V Neck Padded Shoulder Dots Detail Fall Leisure Suit Green L,Allegra K,22.200000762939453,Women
7512,2025-05-17 04:52:00.000000 UTC,,Blazers & Jackets,Allegra K Ladies Long Sleeves Two Hook Eye Fashional Blazer Black XS,Allegra K,25.079999923706051,Women
7860,2025-05-17 00:51:55.841007 UTC,2025-05-17 03:39:55.841007 UTC,Blazers & Jackets,The Collective Works of Berek Embellished Texture Jacket,Berek,159.99000549316406,Women
7981,2025-05-16 23:14:04.053471 UTC,2025-05-17 10:12:04.053471 UTC,Blazers & Jackets,Anna-Kaci S/M Fit Pink Boucle Texture Open Front Buttonless Jewel Collar Jacket,Anna-Kaci,25.899999618530277,Women
7509,2025-05-16 17:04:00.000000 UTC,,Blazers & Jackets,BCBGMAXAZRIA Women's Bowie Leopard Tuxedo Jacket,BCBGMAXAZRIA,174.99000549316406,Women
8020,2025-05-16 13:41:00.000000 UTC,,Blazers & Jackets,Jones New York Three Quarter Sleeve Jacket,Jones New York,63.7400016784668,Women
7946,2025-05-15 11:23:00.000000 UTC,,Blazers & Jackets,Plus Size London Twin Set,Alex Evenings,140.0,Women
7470,2025-05-15 07:52:19.518689 UTC,2025-05-16 01:38:19.518689 UTC,Blazers & Jackets,Calvin Klein Jeans Women's Clean Fitted Seamed Blazer,Calvin Klein Jeans,99.5,Women
7642,2025-05-15 07:21:00.000000 UTC,,Blazers & Jackets,Jones New York Women's Petite Platinum Devon Jacket,Jones New York,84.5,Women
7741,2025-05-15 03:36:00.000000 UTC,,Blazers & Jackets,Patterson J. Kincaid Women's Ricci Blazer,Patterson J. Kincaid,149.99000549316406,Women
7516,2025-05-15 01:31:54.417305 UTC,2025-05-17 13:50:54.417305 UTC,Blazers & Jackets,Allegra K Ladies Long Sleeves Autumn Tailored Pretty Blazer Coffee XS,Allegra K,14.449999809265137,Women
7572,2025-05-14 20:22:45.518647 UTC,2025-05-20 06:41:45.518647 UTC,Blazers & Jackets,Allegra K Ladies Stand Collar Long Sleeve One Button Blazer Black XS,Allegra K,23.670000076293945,Women
7820,2025-05-14 16:23:00.000000 UTC,,Blazers & Jackets,AK Anne Klein Women's Plus Size Lurex Tweed Jacket,Anne Klein,199.0,Women
7680,2025-05-14 15:42:00.000000 UTC,,Blazers & Jackets,Sutton Studio 5440 Three Button Jacket,Sutton Studio,55.979999542236328,Women
7574,2025-05-14 13:23:00.000000 UTC,,Blazers & Jackets,Sutton Studio Tweed Zip Jacket,Sutton Studio,89.989997863769531,Women
7555,2025-05-14 11:00:00.000000 UTC,,Blazers & Jackets,Anna-Kaci S/M Fit Gold and Silver All Over Sequin L/S Statement Cropped Jacket,Anna-Kaci,26.899999618530277,Women
7613,2025-05-14 10:42:00.000000 UTC,,Blazers & Jackets,Allegra K Women Brown Faux Leather Long Sleeves Blazer Jacket XS,Allegra K,16.3700008392334,Women
7516,2025-05-14 06:12:42.000000 UTC,2025-05-15 11:33:42.000000 UTC,Blazers & Jackets,Allegra K Ladies Long Sleeves Autumn Tailored Pretty Blazer Coffee XS,Allegra K,14.449999809265137,Women
7622,2025-05-14 04:46:00.000000 UTC,,Blazers & Jackets,Splendid Women's Solid Heavy Jersey Blazer,Splendid,89.0,Women
7759,2025-05-13 13:56:00.000000 UTC,,Blazers & Jackets,Allegra K Women Buttonless Opening Front Step Collar Padded Shoulder Chiffon Beige Blazer S,Allegra K,11.140000343322754,Women
7994,2025-05-13 07:55:00.000000 UTC,,Blazers & Jackets,Allegra K Women Front Opening Buttonless Cute Bubble Sleeve Casual Blazer Coat Black XS,Allegra K,15.369999885559082,Women
7710,2025-05-13 07:42:37.213228 UTC,2025-05-18 08:56:37.213228 UTC,Blazers & Jackets,Sutton Studio Solid Stretch Jacket,Sutton Studio,89.989997863769531,Women
7959,2025-05-13 01:45:00.000000 UTC,,Blazers & Jackets,Allegra K Ladies Peaked Lapel Long Sleeve Autumn Casual Blazer Coat Black Brown XS,Allegra K,23.190000534057617,Women
7563,2025-05-13 01:21:00.000000 UTC,,Blazers & Jackets,BCBGMAXAZRIA Women's Cain Embellished Lapel Jacket,BCBGMAXAZRIA,164.0,Women
7972,2025-05-12 19:16:31.709514 UTC,2025-05-20 18:27:31.709514 UTC,Blazers & Jackets,Allegra K Ladies Deep V Neck Zip Up Stretchy Form Fitting Pleated Coat Black XS,Allegra K,10.960000038146973,Women
7945,2025-05-12 18:10:00.000000 UTC,,Blazers & Jackets,BLACK JACKET LONG LAYERED LAGENLOOK - FITS (ONE SIZE) - L 1X 2X - Q945S LOTUSTRADERS,LOTUSTRADERS,47.9900016784668,Women
7844,2025-05-12 13:31:00.000000 UTC,,Blazers & Jackets,Jones New York Women's No Closure Jacket,Jones New York,249.0,Women
7740,2025-05-12 10:46:54.558268 UTC,2025-05-16 04:35:54.558268 UTC,Blazers & Jackets,Allegra K Waist Strap Black Long Sleeves Crop Blazer Jacket for Woman XS,Allegra K,13.25,Women
7672,2025-05-12 07:07:00.000000 UTC,,Blazers & Jackets,Alfred Dunner Women's Aztec Print Jacket,Alfred Dunner,51.0,Women
7795,2025-05-12 05:41:00.000000 UTC,,Blazers & Jackets,BCBGMAXAZRIA Women's Jaimy Novelty Back Jacket,BCBGMAXAZRIA,261.0,Women
7960,2025-05-11 14:55:05.525265 UTC,2025-05-16 16:27:05.525265 UTC,Blazers & Jackets,Allegra K Ladies Long Sleeve Waistband Above Two Mock Pockets Ruched Short Coat Pink XS,Allegra K,15.710000038146973,Women
7811,2025-05-11 11:59:00.000000 UTC,,Blazers & Jackets,Yoana Baraschi Women's Red Carpet Sequined Tux Blazer,Yoana Baraschi,138.88999938964844,Women
7665,2025-05-11 11:45:25.232714 UTC,2025-05-16 10:09:25.232714 UTC,Blazers & Jackets,Allegra K Women Single Breasted One Button Padded Shoulder Autumn Blazer Pink XS,Allegra K,24.030000686645508,Women
7619,2025-05-11 11:00:00.000000 UTC,,Blazers & Jackets,Ted Baker Womens Necia Suit Blazer,Ted Baker,116.63999938964844,Women
7643,2025-05-11 10:14:00.000000 UTC,,Blazers & Jackets,aryn K Women's Cropped Blazer,Aryn K,52.25,Women
7672,2025-05-11 02:40:00.000000 UTC,,Blazers & Jackets,Alfred Dunner Women's Aztec Print Jacket,Alfred Dunner,51.0,Women
7784,2025-05-11 01:20:00.000000 UTC,,Blazers & Jackets,Allegra K Women One Button Closure Formfitting Long Sleeve Padded Shoulder Blazer White XS,Allegra K,11.680000305175779,Women
7707,2025-05-10 21:55:49.000000 UTC,2025-05-12 13:40:49.000000 UTC,Blazers & Jackets,BLACK KIMONO DUSTER JACKET LONG STRETCH JERSEY LAGENLOOK - FITS (ONE SIZE) - L XL 1X 2X - U520S LOTUSTRADERS,LOTUSTRADERS,52.9900016784668,Women
7767,2025-05-10 21:08:17.064622 UTC,2025-05-15 16:57:17.064622 UTC,Blazers & Jackets,Alfred Dunner Autumn Weekend Zip Up Printed Blazer,Alfred Dunner,36.9900016784668,Women
7564,2025-05-10 17:11:00.000000 UTC,,Blazers & Jackets,McGinn Women's Jen Tweed Jacket,McGinn,178.75999450683594,Women
7832,2025-05-10 13:47:00.000000 UTC,,Blazers & Jackets,2B Hawaiian Punch Blazer,2b by bebe,49.950000762939446,Women
7656,2025-05-10 09:08:00.000000 UTC,,Blazers & Jackets,Plus size Button Closure Cropped Bolero Jacket Black,eVogues Apparel,19.989999771118164,Women
7613,2025-05-10 07:42:00.000000 UTC,,Blazers & Jackets,Allegra K Women Brown Faux Leather Long Sleeves Blazer Jacket XS,Allegra K,16.3700008392334,Women
7658,2025-05-09 16:13:59.693928 UTC,2025-05-18 04:03:59.693928 UTC,Blazers & Jackets,Allegra K Women Peaked Lapel Padded Shoulder Pure Ruffles Decor Cuff Blazer Green S,Allegra K,23.760000228881839,Women
7506,2025-05-09 10:21:00.000000 UTC,,Blazers & Jackets,Sanctuary Clothing Women's Imperial Blazer,Sanctuary,147.0,Women
7987,2025-05-09 03:09:00.000000 UTC,,Blazers & Jackets,Allegra K Ladies Front Opening Long Sleeve Pure Color Textured Outwear Coat Khaki XS,Allegra K,10.25,Women
7937,2025-05-08 23:26:07.000000 UTC,2025-05-14 05:25:07.000000 UTC,Blazers & Jackets,Anne Klein Collection Women's Shawl Collar Jacket,Anne Klein,223.97000122070312,Women
7555,2025-05-08 17:24:46.000000 UTC,2025-05-17 15:02:46.000000 UTC,Blazers & Jackets,Anna-Kaci S/M Fit Gold and Silver All Over Sequin L/S Statement Cropped Jacket,Anna-Kaci,26.899999618530277,Women
19913,2025-05-17 16:27:00.000000 UTC,,Suits & Sport Coats,Ralph Lauren Mens Charcoal Gray Weave Sport Coat Jacket,Ralph Lauren,119.98999786376952,Men
20504,2025-05-17 11:32:03.977329 UTC,2025-05-17 18:48:03.977329 UTC,Suits & Sport Coats,Brand Q Mens Paisley Silver Vest Tie Hanky Set,Brand Q,29.989999771118164,Men
20273,2025-05-17 09:10:00.000000 UTC,,Suits & Sport Coats,G. Fiorelli 2 Button Solid Black Men's Suit Super 150's Premium Quality Textile,Giorgio Fiorelli,169.94999694824219,Men
20202,2025-05-16 12:09:00.000000 UTC,,Suits & Sport Coats,Men's Single Breasted 2 Button Beige Sport Coat,Braveman,69.949996948242188,Men
19955,2025-05-16 11:31:00.000000 UTC,,Suits & Sport Coats,Paisley Men's Poly Woven Vest,boxed-gifts,19.989999771118164,Men
20198,2025-05-16 07:33:39.000000 UTC,2025-05-17 00:49:39.000000 UTC,Suits & Sport Coats,Port Authority J753 Classic Poplin Jacket,Port Authority,44.479999542236328,Men
20044,2025-05-16 07:18:00.000000 UTC,,Suits & Sport Coats,DKNY Mens 2 Button Flat Front Black Pinstripe Slim Fit Wool Suit,DKNY,269.989990234375,Men
20257,2025-05-16 06:14:00.000000 UTC,,Suits & Sport Coats,DKNY Men's Slim Fit Black & White Suit,DKNY,199.99000549316409,Men
20131,2025-05-16 05:25:18.000000 UTC,2025-05-19 10:06:18.000000 UTC,Suits & Sport Coats,Ben Sherman Men's Plectrum Pique Jersey Blazer,Ben Sherman,325.0,Men
20365,2025-05-16 03:14:42.152703 UTC,2025-05-20 04:58:42.152703 UTC,Suits & Sport Coats,Men's Single Breasted Two Button Navy Dress Suit,Abini,79.949996948242173,Men
19921,2025-05-16 02:21:00.000000 UTC,,Suits & Sport Coats,Allegra K Mens Stylish Stand Collar Long Sleeve Single Breasted Casual Blazer Black S,Allegra K,15.6899995803833,Men
20338,2025-05-16 01:19:18.000000 UTC,2025-05-18 00:13:18.000000 UTC,Suits & Sport Coats,Venetian Tuxedo Vest with Matching Windsor Band Tie - Many Colors to Choose From!,Cardi International,99.949996948242173,Men
19940,2025-05-15 21:37:36.000000 UTC,2025-05-16 07:18:36.000000 UTC,Suits & Sport Coats,Michael Kors Mens 2 Button Gray Houndstooth Silk Wool Sport Coat Jacket Blazer,Michael Kors,139.99000549316406,Men
20534,2025-05-15 15:06:59.754285 UTC,2025-05-21 14:14:59.754285 UTC,Suits & Sport Coats,J.C. Rags Men's Overdye Strip Blazer,J.C. Rags,93.870002746582045,Men
20516,2025-05-15 12:45:00.000000 UTC,,Suits & Sport Coats,Allegra K Mens Padded Shoulders 2012 NEW Trendy Casual Leisure Suit Outerwear Black XS,Allegra K,20.010000228881839,Men
19916,2025-05-15 11:57:00.000000 UTC,,Suits & Sport Coats,Joseph Abboud Men's Solid Flat-Front Pant,Joseph Abboud,29.930000305175781,Men
19997,2025-05-15 09:15:00.000000 UTC,,Suits & Sport Coats,Ralph Lauren Mens Brown Check Wool Sport Coat Jacket,Ralph Lauren,89.989997863769531,Men
20506,2025-05-15 02:11:00.000000 UTC,,Suits & Sport Coats,Performance Glen Plaid Double-Breasted Sportcoat,Paul Fredrick,219.5,Men
20512,2025-05-14 18:55:00.000000 UTC,,Suits & Sport Coats,Allegra K Men Long Sleeve Studs Decor Padded Shoulder One Button Casual Blazer Dark Khaki S,Allegra K,22.760000228881839,Men
20470,2025-05-14 13:35:00.000000 UTC,,Suits & Sport Coats,Alternative Men's Bud Blazer,Alternative,70.4000015258789,Men
19961,2025-05-14 13:04:38.752308 UTC,2025-05-20 18:35:38.752308 UTC,Suits & Sport Coats,Ralph Lauren Mens Olive Brown Plaid Wool Sport Coat Jacket,Ralph Lauren,119.98999786376952,Men
20058,2025-05-14 12:41:00.000000 UTC,,Suits & Sport Coats,Austin Reed Men's Signature Two Piece Suit,Austin Reed,230.17999267578125,Men
20242,2025-05-14 10:21:39.988469 UTC,2025-05-15 12:31:39.988469 UTC,Suits & Sport Coats,Allegra K Men NEW Long Sleeve Solid Color Simple Style Open Front Blazer Burgundy XS,Allegra K,14.649999618530272,Men
19938,2025-05-14 09:35:07.000000 UTC,2025-05-15 07:31:07.000000 UTC,Suits & Sport Coats,Allegra K Men Long Sleeves Double Breasted Button-tab Epaulets Blazer Black S,Allegra K,27.770000457763672,Men
20334,2025-05-14 09:10:00.000000 UTC,,Suits & Sport Coats,Bill Blass Mens 2 Button Tan Micro Cord Sport Coat Jacket Blazer,Bill Blass,129.99000549316406,Men
20464,2025-05-14 06:56:00.000000 UTC,,Suits & Sport Coats,GUESS by Marciano Woven Blazer,GUESS by Marciano,328.0,Men
19990,2025-05-14 04:55:55.000000 UTC,2025-05-14 22:34:55.000000 UTC,Suits & Sport Coats,DKNY Mens 2 Button Black Check Slim Fit Wool Sport Coat Jacket,DKNY,99.989997863769517,Men
20493,2025-05-14 01:19:33.996594 UTC,2025-05-19 15:29:33.996594 UTC,Suits & Sport Coats,Classy Men's Vertical Tone on Tone Stripes Champagne Vest Tie Bowtie and Hanky 4 Piece Set (Large),King Formal Wear,24.989999771118164,Men
20269,2025-05-14 01:02:00.000000 UTC,,Suits & Sport Coats,DKNY Men's 100% Wool Black Tuxedo,DKNY,295.0,Men
20074,2025-05-13 21:10:07.316901 UTC,2025-05-16 04:35:07.316901 UTC,Suits & Sport Coats,Paul Fredrick Twill Weave Double-Breasted Suit Jacket,Paul Fredrick,219.5,Men
20246,2025-05-13 21:06:47.961847 UTC,2025-05-18 11:54:47.961847 UTC,Suits & Sport Coats,Mantoni 2 Button Men's Suit Solid Black 100% Wool,Mantoni,209.94999694824216,Men
20034,2025-05-13 18:41:58.203568 UTC,2025-05-14 23:59:58.203568 UTC,Suits & Sport Coats,Elie Tahari Mens 2 Button Flat Front Charcoal Gray Pinstripe Wool Suit,Elie Tahari,239.99000549316409,Men
20048,2025-05-13 10:56:00.000000 UTC,,Suits & Sport Coats,Tommy Hilfiger Men's Windowpane Trim Fit Suit,Tommy Hilfiger,259.989990234375,Men
20095,2025-05-13 00:32:57.000000 UTC,2025-05-16 11:16:57.000000 UTC,Suits & Sport Coats,Gold Series Continuous Comfort Blazer,CasualMale,178.0,Men
20356,2025-05-12 21:54:47.000000 UTC,2025-05-13 13:48:47.000000 UTC,Suits & Sport Coats,Tuxedo Vests - Venetian Vest Champagne including Matching Windsor Band Tie,Cardi International,92.949996948242173,Men
20386,2025-05-12 17:47:00.000000 UTC,,Suits & Sport Coats,LRG Core Collection Puffy Vest - Dark Charcoal,LRG,98.0,Men
20201,2025-05-12 17:15:00.000000 UTC,,Suits & Sport Coats,Original Penguin Men's 2 Button Peaked Lapel Jacket,Original Penguin,225.0,Men
19990,2025-05-12 13:29:00.000000 UTC,,Suits & Sport Coats,DKNY Mens 2 Button Black Check Slim Fit Wool Sport Coat Jacket,DKNY,99.989997863769517,Men
20509,2025-05-12 12:13:00.000000 UTC,,Suits & Sport Coats,Allegra K Men Long Sleeve V Neck Single Breasted Knit Casual Coat Khaki S,Allegra K,22.709999084472656,Men
20200,2025-05-12 10:52:05.000000 UTC,2025-05-14 10:02:05.000000 UTC,Suits & Sport Coats,Men's Superior 150s Single Breasted Two Button Brown Pinstripe Dress Suit European Cut,Giorgio Cerruti,69.949996948242188,Men
20191,2025-05-12 05:31:00.000000 UTC,,Suits & Sport Coats,Paul Fredrick 100% Cotton Corduroy Coat,Paul Fredrick,199.5,Men
19918,2025-05-12 04:54:00.000000 UTC,,Suits & Sport Coats,Allegra K Mens Stylish Solid Color Pockets Front Button Closure Slim Blazer Black S,Allegra K,15.880000114440918,Men
19885,2025-05-11 16:42:32.000000 UTC,2025-05-15 07:31:32.000000 UTC,Suits & Sport Coats,DC Men's Juneau Jacket,DC,99.5,Men
19918,2025-05-11 15:39:00.000000 UTC,,Suits & Sport Coats,Allegra K Mens Stylish Solid Color Pockets Front Button Closure Slim Blazer Black S,Allegra K,15.880000114440918,Men
19859,2025-05-11 14:28:00.000000 UTC,,Suits & Sport Coats,Men's Single Breasted Two Button Black Super 150s Tuxedo Flex-Fit Waist,Giorgio Cerruti,69.949996948242188,Men
20453,2025-05-11 14:23:00.000000 UTC,,Suits & Sport Coats,GST Cotton Blazer 2 Button Coat Jackets Men,GST,49.9900016784668,Men
19976,2025-05-11 08:25:00.000000 UTC,,Suits & Sport Coats,Port Authority J754 Challenger Jacket,Port Authority,48.529998779296882,Men
20308,2025-05-11 01:18:29.437612 UTC,2025-05-16 00:12:29.437612 UTC,Suits & Sport Coats,Lauren by Ralph Lauren Jackets Black Solid,Lauren by Ralph Lauren,139.99000549316406,Men
19803,2025-05-11 00:41:00.000000 UTC,,Suits & Sport Coats,Tommy Hilfiger Men's Trim Fit Blazer,Tommy Hilfiger,140.0,Men
20491,2025-05-11 00:03:00.000000 UTC,,Suits & Sport Coats,Classy Men's Black Mocha Vest Tie Bowtie and Hanky 4 Piece Set (XXLarge),King Formal Wear,24.989999771118164,Men
17928,2025-05-22 04:25:30.030530 UTC,2025-05-22 16:21:30.030530 UTC,Fashion Hoodies & Sweatshirts,Allegra K Mens 2012 New Fashion Zip Closure Front Drawcord Hoodie Outwear White L,Allegra K,23.3799991607666,Men
1773,2025-05-18 10:43:19.543993 UTC,2025-05-20 09:14:19.543993 UTC,Fashion Hoodies & Sweatshirts,Bella Ladies' Jodie Tri-blend Â½ Sleeve Hoodie,Bella,26.889999389648441,Women
17815,2025-05-17 16:54:00.000000 UTC,,Fashion Hoodies & Sweatshirts,Calvin Klein Sportswear Men's Longsleeve Full Zip French Terry Hoodie,Calvin Klein,98.0,Men
17374,2025-05-17 14:40:00.000000 UTC,,Fashion Hoodies & Sweatshirts,DC Men's Rob Dyrdek Fleece Pullover,DC,52.0,Men
17118,2025-05-17 13:52:00.000000 UTC,,Fashion Hoodies & Sweatshirts,Hoodie Buddie Men's Standard Issue Hoodie,HoodieBuddie,52.0,Men
17889,2025-05-17 13:10:00.000000 UTC,,Fashion Hoodies & Sweatshirts,Quicksilver Mens Easy Tiger Hoodie Sweatshirt -Gray,Quiksilver,27.979999542236328,Men
1818,2025-05-17 10:04:00.000000 UTC,,Fashion Hoodies & Sweatshirts,American Apparel Unisex Fine Jersey Zip Hoodie,American Apparel,42.0,Women
17685,2025-05-17 08:45:00.000000 UTC,,Fashion Hoodies & Sweatshirts,TapouT Men's Tri Fecta Hooded Jacket,TapouT,31.5,Men
2214,2025-05-17 05:55:00.000000 UTC,,Fashion Hoodies & Sweatshirts,Adult Unsex Love Crew Zip Hoodie,Activewear Apparel,41.9900016784668,Women
2292,2025-05-17 05:51:00.000000 UTC,,Fashion Hoodies & Sweatshirts,Next Level Soft Thermal Hoodie,Next Level,19.819999694824215,Women
2359,2025-05-17 04:03:00.000000 UTC,,Fashion Hoodies & Sweatshirts,Allegra K Long Sleeve Zip Up Front Womenwear Waist Length Hoodie White XS,Allegra K,12.100000381469728,Women
2349,2025-05-17 03:41:00.000000 UTC,,Fashion Hoodies & Sweatshirts,QSW Women's Sand Dunes Hoodie Sweater,QSW,84.0,Women
2302,2025-05-17 02:10:21.138688 UTC,2025-05-20 06:51:21.138688 UTC,Fashion Hoodies & Sweatshirts,Women's Fine Interlock Sleeveless Hoody,Blanks Plus,25.950000762939453,Women
17417,2025-05-17 01:27:00.000000 UTC,,Fashion Hoodies & Sweatshirts,Etnies Men's Classic Pull Over Fleece Sweatshirt,Etnies,57.950000762939446,Men
17748,2025-05-17 01:08:00.000000 UTC,,Fashion Hoodies & Sweatshirts,Diesel Men's Smog-S Sweat Shirt,Diesel,110.98999786376952,Men
1971,2025-05-16 23:22:28.526551 UTC,2025-05-18 14:45:28.526551 UTC,Fashion Hoodies & Sweatshirts,The Bradford Exchange Nursing Women's Hoodie: The Art Of Caring Black,Bradford Exchange,79.949996948242173,Women
17949,2025-05-16 22:42:06.265548 UTC,2025-05-19 00:55:06.265548 UTC,Fashion Hoodies & Sweatshirts,DC Radar Full-Zip Hoody - Men's,DC,76.0,Men
17651,2025-05-16 22:16:33.000000 UTC,2025-05-17 13:49:33.000000 UTC,Fashion Hoodies & Sweatshirts,RetroFit Men's Mexican Pancho Long Sleeve Striped Hooded Shirt Sweater Gray,Retrofit,38.970001220703125,Men
1920,2025-05-16 16:57:06.242759 UTC,2025-05-17 07:29:06.242759 UTC,Fashion Hoodies & Sweatshirts,District Threads DT291 - Juniors Core Fleece Pullover Hoodie,District Threads,30.979999542236328,Women
17936,2025-05-16 16:36:11.524318 UTC,2025-05-19 16:48:11.524318 UTC,Fashion Hoodies & Sweatshirts,Ed Hardy Mens Worship The Ink Zip Up Sweater - Black,Ed Hardy,49.9900016784668,Men
17932,2025-05-16 15:51:00.000000 UTC,,Fashion Hoodies & Sweatshirts,Goodie Two Sleeves Sophisticated Panda Pullover Hoodie,Hot Topic,46.5,Men
17220,2025-05-16 12:05:33.738611 UTC,2025-05-18 14:29:33.738611 UTC,Fashion Hoodies & Sweatshirts,Tavik Men's Arctic Heavy Fleece Zip Hoodie,TAVIK,79.989997863769531,Men
1837,2025-05-16 12:05:00.000000 UTC,,Fashion Hoodies & Sweatshirts,Volcom Juniors Cool And The Stone Full Zip Hoodie,Volcom,59.5,Women
1835,2025-05-16 07:02:00.000000 UTC,,Fashion Hoodies & Sweatshirts,Adult Unisex Live Love Music Hoodie Sweatshirt,Active Products,36.9900016784668,Women
17095,2025-05-16 05:29:00.000000 UTC,,Fashion Hoodies & Sweatshirts,Lrg Bushman Zip Hoodie,LRG,79.0,Men
18005,2025-05-16 04:02:29.447701 UTC,2025-05-17 01:39:29.447701 UTC,Fashion Hoodies & Sweatshirts,Legendary Essentials Pullover Light,Moon Shine Attitude Attire,44.9900016784668,Men
2184,2025-05-16 01:58:00.000000 UTC,,Fashion Hoodies & Sweatshirts,Volcom Juniors Seeking Stones Wrap,Volcom,59.450000762939446,Women
2408,2025-05-16 01:34:00.000000 UTC,,Fashion Hoodies & Sweatshirts,Juicy Couture Lilac Sky Velour Zip Hoodie,Juicy Couture,79.989997863769531,Women
1816,2025-05-16 00:46:00.000000 UTC,,Fashion Hoodies & Sweatshirts,Three Dots Women's Tunic Hoodie,Three Dots,98.0,Women
2179,2025-05-16 00:32:26.860537 UTC,2025-05-19 11:46:26.860537 UTC,Fashion Hoodies & Sweatshirts,La Hearts Womens Pullover Hoodie,PacSun,44.5,Women
2018,2025-05-15 22:43:10.980187 UTC,2025-05-18 04:39:10.980187 UTC,Fashion Hoodies & Sweatshirts,Neon Buddha Women's Laren Shirt,Neon Buddha,57.189998626708977,Women
2255,2025-05-15 18:13:00.000000 UTC,,Fashion Hoodies & Sweatshirts,Colorado Trading Ladies' Microfleece 1/4 Zip Pullover - 2730,Colorado Clothing,37.950000762939446,Women
1770,2025-05-15 15:14:03.112859 UTC,2025-05-17 12:20:03.112859 UTC,Fashion Hoodies & Sweatshirts,Adult Unisex Live Love Board Full Zip Hoodie,Activewear Apparel,41.9900016784668,Women
1681,2025-05-15 15:06:00.000000 UTC,,Fashion Hoodies & Sweatshirts,Sound & Matter Womens Hooded Faux Leather Jacket,PacSun,54.5,Women
17674,2025-05-15 14:06:00.000000 UTC,,Fashion Hoodies & Sweatshirts,Analog Men's Transpose RDBL Hoodie,Analog,84.949996948242173,Men
18010,2025-05-15 13:42:00.000000 UTC,,Fashion Hoodies & Sweatshirts,1567 Chouinard Adult Hooded Garment-Dyed Blended Sweatshirt - White DirDye - S,Comfort Colors,41.7400016784668,Men
17717,2025-05-15 11:53:00.000000 UTC,,Fashion Hoodies & Sweatshirts,Alpinestar Men's Drift Pick Zip Fleece Hoodie Charcoal,Alpinestars,44.959999084472656,Men
17422,2025-05-15 10:19:51.466521 UTC,2025-05-17 16:38:51.466521 UTC,Fashion Hoodies & Sweatshirts,Hurley Men's Gravitation Fleece,Hurley,69.5,Men
17286,2025-05-15 03:04:00.000000 UTC,,Fashion Hoodies & Sweatshirts,Bauer Classic Printed Hoody [SENIOR],Bauer,29.989999771118164,Men
2028,2025-05-15 02:51:45.880792 UTC,2025-05-18 01:25:45.880792 UTC,Fashion Hoodies & Sweatshirts,Allegra K Ladies Hooded Long Sleeves Double Zipper Side Pockets Hoodie Light Grey S,Allegra K,26.680000305175781,Women
17710,2025-05-14 20:58:10.000000 UTC,2025-05-16 02:37:10.000000 UTC,Fashion Hoodies & Sweatshirts,Stussy - Mens Stock Felt Hoodie In Black,Stussy,59.950000762939446,Men
1992,2025-05-14 17:41:00.000000 UTC,,Fashion Hoodies & Sweatshirts,Allegra K Lady Gray Magenta Raglan Sleeve Drawstring Hooded Sweatshirt S,Allegra K,12.590000152587892,Women
17351,2025-05-14 16:50:00.000000 UTC,,Fashion Hoodies & Sweatshirts,ecko unltd. Men's Eu72 Vertical Logo Hoodie Sweater,Ecko Unltd.,59.5,Men
17677,2025-05-14 15:54:28.000000 UTC,2025-05-15 05:43:28.000000 UTC,Fashion Hoodies & Sweatshirts,WeSC Men's Waylon Hooded Sweatshirt,WESC,79.0,Men
2210,2025-05-14 15:48:21.488013 UTC,2025-05-17 04:54:21.488013 UTC,Fashion Hoodies & Sweatshirts,Junior's Tattooed Mona Lisa by Jarad Bryant Black Market ALC Zip-up Hoodie,Black Market-Lowbrow,48.950000762939446,Women
1824,2025-05-14 15:19:00.000000 UTC,,Fashion Hoodies & Sweatshirts,Allegra K Ladies Metal Zipper Black Flower Lace Hooded Sexy Short Jacket XS,Allegra K,9.6099996566772461,Women
17426,2025-05-14 14:57:52.000000 UTC,2025-05-17 01:39:52.000000 UTC,Fashion Hoodies & Sweatshirts,Famous Stars and Straps Men's Fams Zip Hood Jacket,Famous Stars and Straps,63.950000762939446,Men
17388,2025-05-14 08:58:14.501709 UTC,2025-05-17 06:23:14.501709 UTC,Fashion Hoodies & Sweatshirts,Metal Mulisha Men's Negative Pull Over Hoodie,Metal Mulisha,49.0,Men
17780,2025-05-14 04:15:00.000000 UTC,,Fashion Hoodies & Sweatshirts,Union Jeans Men's High-Sierra Pull Over Hoodie,Union Jeans,58.0,Men
2060,2025-05-14 00:15:40.000000 UTC,2025-05-18 05:06:40.000000 UTC,Fashion Hoodies & Sweatshirts,Next Level Apparel Ladies Juniors' Soft Thermal Hoodie T-Shirt. 8021,NLA,14.0,Women
20565,2025-05-19 13:49:50.565457 UTC,2025-05-21 07:50:50.565457 UTC,Jeans,Lee Men's Regular Fit Straight Leg Jean,Lee,40.0,Men
4321,2025-05-19 01:23:50.799245 UTC,2025-05-21 05:23:50.799245 UTC,Jeans,Lee Jeans Women's Relaxed Fit Straight Leg Jean,Lee,31.75,Women
4495,2025-05-18 11:31:19.740960 UTC,2025-05-18 18:04:19.740960 UTC,Jeans,LA Idol - Women Plus Size Skinny Jeans Crystal Fleur De Lis Flap Pocket Stretch in Dark Blue,L.A. Idol Jeans,69.949996948242188,Women
4652,2025-05-18 11:03:59.914234 UTC,2025-05-18 15:45:59.914234 UTC,Jeans,Levi's Women's Plus Triple Needle Stitch Skinny Jean,Levi's,58.0,Women
20592,2025-05-18 03:04:13.000000 UTC,2025-05-19 00:00:13.000000 UTC,Jeans,Lucky Brand Mens 361 Vintage Low Rise Straight Leg Jean In Allen,Lucky Brand,68.489997863769531,Men
21165,2025-05-18 01:33:05.005215 UTC,2025-05-20 11:16:05.005215 UTC,Jeans,7 For All Mankind Men's Slimmy Jean,7 For All Mankind,119.0,Men
21026,2025-05-18 01:13:43.378318 UTC,2025-05-21 07:27:43.378318 UTC,Jeans,Marino Bay Fleece - Lined Jeans Denim / Black Lining,MARINO BAY,24.989999771118164,Men
21171,2025-05-17 17:50:00.000000 UTC,,Jeans,7 For All Mankind Men's Standard Classic Straight Leg Jean In Authentic Nakita,7 For All Mankind,119.0,Men
21608,2025-05-17 15:15:00.000000 UTC,,Jeans,7 For All Mankind Men's The Straight Modern Jean,7 For All Mankind,218.0,Men
5007,2025-05-17 14:51:00.000000 UTC,,Jeans,7 For All Mankind Women's Slim Straight Leg Jean in Los Angeles Dark,7 For All Mankind,169.0,Women
4416,2025-05-17 14:20:00.000000 UTC,,Jeans,KUT from the Kloth Women's Diana Skinny Jean,KUT from the Kloth,79.0,Women
21454,2025-05-17 09:51:00.000000 UTC,,Jeans,Scotch & Soda Men's Ralston Flat Iron Jean,Scotch & Soda,173.0,Men
4245,2025-05-17 09:41:00.000000 UTC,,Jeans,Not Your Daughter's Jeans Women's Edna Crop Jean,Not Your Daughter's Jeans,84.0,Women
21198,2025-05-17 08:00:00.000000 UTC,,Jeans,Diesel Men's Viker Regular Slim-Fit Straight-Leg Jean,Diesel,214.0,Men
20619,2025-05-17 06:02:00.000000 UTC,,Jeans,Calvin Klein Jeans Men's Orbit Blue Straight,Calvin Klein Jeans,49.5,Men
4674,2025-05-17 04:56:00.000000 UTC,,Jeans,Levi's Women's Demi Curve Slim Fit Jean,Levi's,44.9900016784668,Women
20596,2025-05-17 04:36:00.000000 UTC,,Jeans,Lee Men's Regular Fit Straight Leg Jean,Lee,40.0,Men
21020,2025-05-17 02:59:00.000000 UTC,,Jeans,Joe's Jeans Men's Malcolm Rebel Relaxed Fit Jean,Joe's Jeans,102.98999786376952,Men
21082,2025-05-16 23:05:14.831242 UTC,2025-05-22 06:07:14.831242 UTC,Jeans,Calvin Klein Mens Classic-fit Medium Wash Jeans,Calvin Klein,50.0,Men
5085,2025-05-16 22:17:45.000000 UTC,2025-05-18 07:30:45.000000 UTC,Jeans,Avenue Plus Size Rhinestone Embellished Bootcut Jean,Avenue,54.0,Women
21448,2025-05-16 18:53:00.000000 UTC,,Jeans,Calvin Klein Jeans Men's Rocker,Calvin Klein Jeans,79.5,Men
20664,2025-05-16 18:44:00.000000 UTC,,Jeans,True Religion Men's Ricky Straight Jean,True Religion,198.0,Men
21037,2025-05-16 16:58:00.000000 UTC,,Jeans,Antique Rivet Men's Culbert Jean,Antique Rivet,115.0,Men
21502,2025-05-16 11:18:00.000000 UTC,,Jeans,Buffalo by David Bitton Men's Driven Straight Fit Basic Jean,Buffalo by David Bitton,99.0,Men
21062,2025-05-16 09:33:00.000000 UTC,,Jeans,Dickies C7988 Staydark(tm) Jean,Dickies,35.040000915527344,Men
5080,2025-05-16 06:59:00.000000 UTC,,Jeans,LOVEsick Black Skinny Jeans,Hot Topic,34.5,Women
20725,2025-05-16 06:24:00.000000 UTC,,Jeans,Joe's Jeans Men's Classic Fit Straight Leg Gianni Twill Jean,Joe's Jeans,158.0,Men
20757,2025-05-16 06:00:00.000000 UTC,,Jeans,Joe's Jeans  Men's Clive Rebel Jeans,Joe's Jeans,119.98999786376952,Men
4306,2025-05-16 02:28:11.885566 UTC,2025-05-18 08:59:11.885566 UTC,Jeans,Levi's Juniors 524 Boot Back Pocket Embellishment Jean,Levi's,34.9900016784668,Women
5021,2025-05-16 02:28:00.000000 UTC,,Jeans,Not Your Daughter's Jeans Women's Plus Marilyn Straight Leg,Not Your Daughter's Jeans,69.300003051757812,Women
20997,2025-05-15 18:03:00.000000 UTC,,Jeans,7 For All Mankind Men's Relaxed Jean,7 For All Mankind,130.80999755859375,Men
21357,2025-05-15 17:53:56.418548 UTC,2025-05-17 03:26:56.418548 UTC,Jeans,RVCA Spanky II Denim Pant - Men's,RVCA,68.949996948242188,Men
21079,2025-05-15 17:05:19.550729 UTC,2025-05-18 17:07:19.550729 UTC,Jeans,Union Jeans Men's Kentucky Straight Colored Denim,Union Jeans,118.0,Men
21275,2025-05-15 16:11:38.124372 UTC,2025-05-18 05:54:38.124372 UTC,Jeans,Cinch Bronze Label Dark Stonewash Slim Fit Jeans,CINCH,42.9900016784668,Men
21307,2025-05-15 15:25:00.000000 UTC,,Jeans,7 For All Mankind Men's Slimmy Slim Straight Leg Jean in Chester Row,7 For All Mankind,169.0,Men
4847,2025-05-15 12:18:00.000000 UTC,,Jeans,7 For All Mankind Women's Midrise Bootcut Jean,7 For All Mankind,170.99000549316406,Women
20650,2025-05-15 12:13:00.000000 UTC,,Jeans,Genuine Wrangler Men's Regular Fit Jean,Wrangler,40.0,Men
20916,2025-05-15 11:35:00.000000 UTC,,Jeans,7 For All Mankind Men's Standard Classic Straight Leg Jean in Los Angeles Dark,7 For All Mankind,169.0,Men
21152,2025-05-15 11:17:00.000000 UTC,,Jeans,Diesel Men's Viker Regular Slim Straight Leg Jean,Diesel,193.94999694824216,Men
4513,2025-05-15 10:03:00.000000 UTC,,Jeans,Not Your Daughter's Jeans Women's Petite Marilyn Straight Leg Jean,Not Your Daughter's Jeans,73.1500015258789,Women
4609,2025-05-15 09:50:00.000000 UTC,,Jeans,Levi's Juniors Progressive 501 Updated Jean,Levi's,42.0,Women
20683,2025-05-15 08:59:37.000000 UTC,2025-05-16 10:53:37.000000 UTC,Jeans,True Religion Men's Bobby Zipper Jean,True Religion,268.0,Men
20861,2025-05-15 08:56:54.113089 UTC,2025-05-20 23:42:54.113089 UTC,Jeans,34 Heritage Classic Charisma Denim,34 Heritage,165.0,Men
21520,2025-05-15 07:41:32.935215 UTC,2025-05-21 04:26:32.935215 UTC,Jeans,Diesel Men's Shioner Skinny Straight Leg Jean,Diesel,328.0,Men
4940,2025-05-15 06:53:00.000000 UTC,,Jeans,Lucky Brand Women's Sofia Boot,Lucky Brand,63.9900016784668,Women
21046,2025-05-15 04:50:45.475171 UTC,2025-05-15 15:29:45.475171 UTC,Jeans,Wrangler Men's Genuine Loose Fit Jean,Wrangler,40.0,Men
21186,2025-05-15 03:55:50.000000 UTC,2025-05-15 05:31:50.000000 UTC,Jeans,RUDE Blue Black Super Skinny Fit Denim Jeans,Hot Topic,34.5,Men
21418,2025-05-15 03:18:15.000000 UTC,2025-05-16 01:43:15.000000 UTC,Jeans,7 For All Mankind Men's Standard Leg Jean,7 For All Mankind,109.0,Men
20682,2025-05-15 02:41:10.447408 UTC,2025-05-19 16:55:10.447408 UTC,Jeans,George Strait by Wrangler Men's Cowboy Cut Jean,Wrangler,49.9900016784668,Men
5017,2025-05-15 01:44:43.513248 UTC,2025-05-15 21:51:43.513248 UTC,Jeans,Not Your Daughter's Jeans Women's Petite Barbara Boot,Not Your Daughter's Jeans,73.709999084472656,Women